patient_id,age,sex,cancer_type,stage,biomarker_status,baseline_ecog,baseline_anc
PT_001,68,F,Breast Cancer,III,HER2+,1,5.33
PT_002,58,F,Breast Cancer,IV,Triple Negative,0,3.13
PT_003,44,M,Breast Cancer,II,Triple Negative,1,3.31
PT_004,72,F,Breast Cancer,II,ER+/PR+,1,2.81
PT_005,37,F,Breast Cancer,III,Triple Negative,1,3.23
PT_006,50,M,Breast Cancer,II,ER+/PR+,2,4.55
PT_007,68,F,Breast Cancer,II,ER+/PR+,1,5.04
PT_008,48,F,Breast Cancer,II,ER+/PR+,2,5.74
PT_009,52,F,Breast Cancer,II,HER2+,1,3.19
PT_010,40,F,Breast Cancer,III,HER2+,1,5.95
PT_011,40,F,Breast Cancer,II,ER+/PR+,1,5.56
PT_012,53,F,Breast Cancer,III,ER+/PR+,0,4.31
PT_013,65,M,Breast Cancer,III,HER2+,1,6.25
PT_014,69,F,Breast Cancer,II,Triple Negative,1,6.47
PT_015,53,F,Breast Cancer,III,ER+/PR+,1,3.56
PT_016,32,F,Breast Cancer,II,HER2+,2,4.2
PT_017,51,M,Breast Cancer,III,Triple Negative,0,6.23
PT_018,31,F,Breast Cancer,II,Triple Negative,1,5.47
PT_019,53,F,Breast Cancer,II,Triple Negative,1,2.98
PT_020,73,F,Breast Cancer,III,HER2+,1,5.69
PT_021,59,F,Breast Cancer,II,ER+/PR+,1,5.86
PT_022,67,F,Breast Cancer,II,ER+/PR+,1,5.58
PT_023,31,F,Breast Cancer,II,ER+/PR+,1,5.76
PT_024,50,F,Breast Cancer,II,Triple Negative,0,5.85
PT_025,62,F,Breast Cancer,IV,ER+/PR+,0,3.49
PT_026,41,F,Breast Cancer,II,Triple Negative,1,3.67
PT_027,51,F,Breast Cancer,III,Triple Negative,0,5.14
PT_028,73,F,Breast Cancer,III,Triple Negative,0,6.16
PT_029,54,F,Breast Cancer,III,ER+/PR+,1,3.97
PT_030,56,F,Breast Cancer,II,HER2+,0,4.98
PT_031,71,F,Breast Cancer,II,ER+/PR+,1,5.33
PT_032,57,F,Breast Cancer,IV,Triple Negative,1,4.47
PT_033,45,F,Breast Cancer,III,HER2+,1,5.44
PT_034,44,F,Breast Cancer,IV,ER+/PR+,0,6.13
PT_035,73,F,Breast Cancer,II,HER2+,1,5.11
PT_036,32,F,Breast Cancer,II,ER+/PR+,0,4.8
PT_037,66,M,Breast Cancer,II,Triple Negative,1,4.42
PT_038,36,F,Breast Cancer,III,Triple Negative,0,4.94
PT_039,50,M,Breast Cancer,II,HER2+,1,4.11
PT_040,38,F,Breast Cancer,III,Triple Negative,1,4.25
PT_041,68,M,Breast Cancer,II,ER+/PR+,2,4.77
PT_042,47,F,Breast Cancer,IV,ER+/PR+,1,3.05
PT_043,33,F,Breast Cancer,III,ER+/PR+,0,3.65
PT_044,54,F,Breast Cancer,III,ER+/PR+,1,4.81
PT_045,43,F,Breast Cancer,II,ER+/PR+,0,4.4
PT_046,38,F,Breast Cancer,III,ER+/PR+,0,4.03
PT_047,55,F,Breast Cancer,III,HER2+,0,5.5
PT_048,31,F,Breast Cancer,II,ER+/PR+,1,5.37
PT_049,49,F,Breast Cancer,II,ER+/PR+,1,3.42
PT_050,57,F,Breast Cancer,IV,ER+/PR+,0,6.05
PT_051,36,F,Breast Cancer,III,ER+/PR+,1,4.63
PT_052,73,F,Breast Cancer,II,ER+/PR+,0,5.54
PT_053,37,F,Breast Cancer,II,ER+/PR+,0,4.92
PT_054,64,M,Breast Cancer,III,ER+/PR+,0,6.49
PT_055,43,F,Breast Cancer,III,Triple Negative,0,5.58
PT_056,46,M,Breast Cancer,II,ER+/PR+,1,5.42
PT_057,65,F,Breast Cancer,II,ER+/PR+,1,5.68
PT_058,69,M,Breast Cancer,II,HER2+,1,3.33
PT_059,33,M,Breast Cancer,III,ER+/PR+,0,3.56
PT_060,31,F,Breast Cancer,III,ER+/PR+,0,5.44
PT_061,35,F,Breast Cancer,II,HER2+,0,4.63
PT_062,71,F,Breast Cancer,IV,ER+/PR+,1,5.59
PT_063,33,M,Breast Cancer,III,ER+/PR+,0,3.18
PT_064,58,F,Breast Cancer,II,Triple Negative,1,4.78
PT_065,47,F,Breast Cancer,II,Triple Negative,2,4.2
PT_066,55,M,Breast Cancer,II,ER+/PR+,1,4.49
PT_067,73,M,Breast Cancer,IV,ER+/PR+,2,5.03
PT_068,63,F,Breast Cancer,III,HER2+,0,4.66
PT_069,39,F,Breast Cancer,III,Triple Negative,1,4.8
PT_070,65,M,Breast Cancer,III,Triple Negative,1,4.6
PT_071,43,F,Breast Cancer,III,ER+/PR+,1,4.31
PT_072,60,F,Breast Cancer,III,ER+/PR+,0,5.66
PT_073,44,M,Breast Cancer,II,HER2+,0,2.85
PT_074,37,F,Breast Cancer,III,HER2+,0,5.01
PT_075,43,M,Breast Cancer,II,HER2+,1,4.89
PT_076,52,F,Breast Cancer,II,ER+/PR+,1,5.45
PT_077,69,F,Breast Cancer,II,Triple Negative,1,5.02
PT_078,50,F,Breast Cancer,II,ER+/PR+,0,5.86
PT_079,45,F,Breast Cancer,II,ER+/PR+,1,6.35
PT_080,74,F,Breast Cancer,II,ER+/PR+,0,4.07
PT_081,47,M,Breast Cancer,IV,Triple Negative,0,3.64
PT_082,53,F,Breast Cancer,II,Triple Negative,0,4.37
PT_083,55,F,Breast Cancer,II,HER2+,1,3.87
PT_084,54,M,Breast Cancer,III,ER+/PR+,0,5.08
PT_085,74,M,Breast Cancer,III,HER2+,1,6.17
PT_086,70,F,Breast Cancer,II,ER+/PR+,1,3.31
PT_087,58,M,Breast Cancer,III,HER2+,0,3.17
PT_088,44,F,Breast Cancer,III,ER+/PR+,1,3.75
PT_089,74,F,Breast Cancer,II,ER+/PR+,0,5.49
PT_090,30,M,Breast Cancer,IV,HER2+,0,4.99
PT_091,54,M,Breast Cancer,IV,ER+/PR+,1,3.18
PT_092,36,M,Breast Cancer,II,ER+/PR+,0,6.2
PT_093,38,F,Breast Cancer,II,ER+/PR+,1,5.72
PT_094,53,M,Breast Cancer,IV,ER+/PR+,1,2.89
PT_095,30,M,Breast Cancer,III,HER2+,1,5.21
PT_096,73,M,Breast Cancer,III,ER+/PR+,1,5.65
PT_097,37,M,Breast Cancer,III,ER+/PR+,1,4.19
PT_098,53,F,Breast Cancer,III,ER+/PR+,1,3.06
PT_099,40,F,Breast Cancer,IV,ER+/PR+,1,3.09
PT_100,46,F,Breast Cancer,IV,HER2+,0,3.19
PT_101,37,M,Breast Cancer,IV,HER2+,0,5.91
PT_102,64,M,Breast Cancer,III,Triple Negative,1,6.17
PT_103,64,F,Breast Cancer,III,ER+/PR+,1,3.25
PT_104,62,F,Breast Cancer,III,ER+/PR+,0,3.67
PT_105,34,F,Breast Cancer,III,Triple Negative,1,3.41
PT_106,71,F,Breast Cancer,II,HER2+,0,3.49
PT_107,68,M,Breast Cancer,III,Triple Negative,2,5.9
PT_108,70,F,Breast Cancer,III,ER+/PR+,0,4.03
PT_109,57,F,Breast Cancer,III,HER2+,0,3.95
PT_110,36,F,Breast Cancer,III,ER+/PR+,0,3.64
PT_111,38,F,Breast Cancer,III,ER+/PR+,1,5.05
PT_112,37,F,Breast Cancer,II,ER+/PR+,1,4.2
PT_113,41,M,Breast Cancer,II,Triple Negative,0,5.55
PT_114,63,M,Breast Cancer,II,ER+/PR+,1,3.56
PT_115,62,F,Breast Cancer,II,ER+/PR+,0,5.71
PT_116,52,F,Breast Cancer,II,ER+/PR+,1,5.03
PT_117,53,F,Breast Cancer,III,Triple Negative,0,3.22
PT_118,66,F,Breast Cancer,II,ER+/PR+,0,4.33
PT_119,64,F,Breast Cancer,III,HER2+,1,6.0
PT_120,73,F,Breast Cancer,II,HER2+,2,6.21
PT_121,69,M,Breast Cancer,III,HER2+,1,4.52
PT_122,51,F,Breast Cancer,II,HER2+,1,4.58
PT_123,56,M,Breast Cancer,II,HER2+,2,6.2
PT_124,64,F,Breast Cancer,III,ER+/PR+,0,4.97
PT_125,30,F,Breast Cancer,III,ER+/PR+,2,2.92
PT_126,64,F,Breast Cancer,II,ER+/PR+,1,6.18
PT_127,66,F,Breast Cancer,IV,Triple Negative,1,3.72
PT_128,43,M,Breast Cancer,II,ER+/PR+,1,4.94
PT_129,32,F,Breast Cancer,III,ER+/PR+,1,3.41
PT_130,30,F,Breast Cancer,IV,ER+/PR+,1,2.93
PT_131,34,F,Breast Cancer,III,ER+/PR+,1,3.95
PT_132,55,M,Breast Cancer,III,HER2+,1,5.69
PT_133,43,F,Breast Cancer,III,HER2+,0,3.83
PT_134,68,M,Breast Cancer,III,ER+/PR+,2,3.61
PT_135,56,F,Breast Cancer,III,ER+/PR+,1,3.59
PT_136,38,F,Breast Cancer,II,HER2+,0,4.71
PT_137,44,M,Breast Cancer,II,Triple Negative,1,6.41
PT_138,44,M,Breast Cancer,III,ER+/PR+,1,4.5
PT_139,55,M,Breast Cancer,IV,HER2+,1,4.86
PT_140,71,F,Breast Cancer,III,ER+/PR+,1,5.98
PT_141,42,F,Breast Cancer,II,HER2+,0,4.78
PT_142,61,F,Breast Cancer,III,ER+/PR+,1,3.48
PT_143,68,M,Breast Cancer,III,ER+/PR+,2,3.91
PT_144,61,F,Breast Cancer,II,Triple Negative,0,3.95
PT_145,33,F,Breast Cancer,II,ER+/PR+,1,4.27
PT_146,59,F,Breast Cancer,III,Triple Negative,0,4.38
PT_147,66,F,Breast Cancer,III,Triple Negative,1,5.76
PT_148,52,F,Breast Cancer,II,HER2+,1,4.09
PT_149,68,F,Breast Cancer,II,ER+/PR+,1,4.53
PT_150,74,F,Breast Cancer,II,ER+/PR+,0,5.11
